Rank,Team,Current_AdjEM,AdjO,AdjD,AdjT,Games,Preseason_AdjEM,SurpriseZ,CollapseFactor,FinalPreseasonWeight,Blended_AdjEM
1,Michigan,41.159914598758036,123.7,82.5,75.9,10,22.77,2.2987393248447545,0.4113258238934197,4.935909886721037,35.082550583281055
2,Arizona,38.58393452516124,124.6,86.0,74.5,9,27.16,1.427991815645155,0.6651677983041173,7.982013579649408,33.21437101108323
3,Gonzaga,37.36391898819102,123.0,85.6,74.2,11,21.12,2.030489873523877,0.4908540582037189,5.890248698444627,31.699069145770224
4,Duke,36.159052111765675,122.9,86.7,70.8,10,20.84,1.9148815139707094,0.5255133678632212,6.306160414358654,30.23464087344329
5,Iowa St.,33.39975052838014,124.2,90.8,73.3,10,25.07,1.0412188160475173,0.7596090653518527,9.115308784222233,29.427633257410687
6,BYU,32.33243290165905,121.0,88.7,72.9,10,23.55,1.0978041127073808,0.7469923209059833,8.9639078508718,28.18113034018213
7,Purdue,28.768593434660616,123.4,94.6,67.2,11,27.3,0.18357417933257691,0.898412697496137,10.780952369953644,28.041681424525386
8,Connecticut,29.451551793427782,118.9,89.4,67.7,11,25.55,0.4876939741784727,0.8599370507827944,10.319244609393532,27.56306709097919
9,Michigan St.,28.385458650158,115.0,86.6,69.0,10,24.95,0.4294323312697501,0.8681478943325434,10.41777473199052,26.63258230647208
10,Alabama,25.962441625800977,124.3,98.4,77.2,10,24.81,0.14405520322512233,0.9026598067604996,10.831917681125995,25.363209571697332
11,Arkansas,23.653396342673943,120.1,96.5,73.5,10,26.08,-0.3033254571657569,0.8845263002385383,10.61431560286246,24.902855095422566
12,Louisville,28.738760863036603,125.1,96.3,74.1,10,20.72,1.0023451078795755,0.7680237872596816,9.216285447116178,24.89289849544777
13,Houston,21.965464329965897,112.3,90.3,67.2,11,27.43,-0.6830669587542628,0.8292497833771978,9.950997400526374,24.560929319438273
14,Saint Mary's,28.149386832719514,118.7,90.5,69.3,9,21.05,0.8874233540899392,0.7916816598353887,9.500179918024665,24.503722167978673
15,Illinois,26.684233744837854,125.0,98.4,69.9,11,21.59,0.6367792181047318,0.83697149327197,10.043657919263639,24.25287217784128
16,Texas Tech,23.474229005040996,118.1,94.6,69.8,10,24.7,-0.15322137436987537,0.9016890534301194,10.820268641161434,24.11126072094206
17,St. John's,26.656340529964382,116.6,89.9,74.9,9,21.74,0.6145425662455479,0.8405798686408001,10.086958423689602,24.05818311684289
18,Florida,23.382071793713976,113.7,90.3,73.7,10,23.9,-0.0647410257857528,0.9107080283212282,10.928496339854739,23.652524883835195
19,Vanderbilt,29.567493160908,125.4,95.8,73.5,10,13.05,2.0646866451135,0.480603744802536,5.767244937630432,23.52582708725924
20,Kansas,24.813474123717114,114.0,89.1,69.4,11,21.87,0.36793426546463914,0.8763682382103615,10.516418858524338,23.374814326853496
21,Kentucky,22.776831707469555,117.1,94.3,71.1,11,21.73,0.13085396343369426,0.9040428692430721,10.848514430916865,22.257044931067284
22,UCLA,19.53331874126708,116.7,97.2,67.9,10,24.49,-0.6195851573416147,0.8397673155004607,10.077207786005529,22.021189938579063
23,Nebraska,26.876335695659577,117.2,90.4,72.0,11,14.22,1.582041961957447,0.6228234345142234,7.473881214170681,21.75602835474901
24,Tennessee,19.974758308077284,115.1,95.1,71.1,10,22.28,-0.2881552114903396,0.886372702391636,10.636472428699632,21.16292841720528
25,Georgia,23.555559344587124,119.8,96.3,78.4,10,17.19,0.7956949180733903,0.8092533768026724,9.711040521632068,20.41943851574004
26,Indiana,24.06938567738942,116.3,92.3,71.6,11,15.2,1.1086732096736776,0.7445193459919224,8.934232151903068,20.094256357999196
27,Clemson,22.114534588538106,119.4,97.3,66.6,11,17.24,0.6093168235672635,0.8414184079827004,10.097020895792404,19.781585408611562
28,North Carolina,21.19827111932338,115.1,93.9,71.8,10,18.43,0.3460338899154225,0.8791875959724187,10.550251151669023,19.77707410575785
29,Auburn,18.74108306331732,120.2,101.5,72.5,11,19.97,-0.15361461708533497,0.9016472142727637,10.819766571273165,19.35046604397195
30,Virginia,22.765319151289972,121.6,98.9,70.4,10,12.03,1.3419148939112466,0.687767367961198,8.253208415534376,17.911332698833206
31,Baylor,17.13236183810082,123.0,105.8,73.5,9,18.06,-0.11595477023739731,0.9055826992200726,10.86699239064087,17.63976812529381
32,Ohio St.,16.659834764082987,115.7,99.1,72.1,10,18.15,-0.18627065448962643,0.8981169964634288,10.777403957561145,17.432795271747736
33,N.C. State,21.29862306467382,119.9,98.6,72.3,11,12.63,1.0835778830842273,0.7502051160481689,9.002461392578027,17.397155993451573
34,Utah St.,21.3189218636481,115.7,94.4,71.9,9,13.53,0.9736152329560126,0.77410928187191,9.28931138246292,17.362855994788845
35,Iowa,21.213411904709673,118.1,96.9,65.4,10,13.15,1.007926488088709,0.7668283695954122,9.201940435144946,17.34926930402896
36,Wisconsin,12.696199953828,115.1,102.4,73.0,10,22.36,-1.2079750057715,0.7212016448811616,8.654419738573939,17.179565453333815
37,SMU,18.694165559099417,116.1,97.4,72.5,11,14.43,0.5330206948874272,0.8532566408807727,10.239079690569273,16.63846768473311
38,Wake Forest,18.56936707534514,114.6,96.0,73.8,10,13.88,0.5861708844181426,0.8450894909124963,10.141073890949956,16.208260697882764
39,LSU,20.572780814074875,118.6,98.1,71.3,10,11.11,1.1828476017593594,0.7272238567435179,8.726686280922214,16.163099449695522
40,Missouri,11.849543398221456,114.7,102.8,71.7,11,21.07,-1.152557075222318,0.734374463967287,8.812493567607444,15.950754294078893
41,Washington,13.790394134933678,112.8,99.0,69.5,9,17.01,-0.4024507331332905,0.8718101283314197,10.461721539977036,15.521105365161286
42,Texas,13.718241950226599,116.4,102.7,70.8,10,16.69,-0.37146975622167533,0.8759078321705495,10.510893986046593,15.24113187567784
43,Creighton,10.148799003272472,112.0,101.9,67.0,10,21.56,-1.4264001245909408,0.6655930649645416,7.9871167795744995,15.215903201959716
44,Butler,18.9005030557056,118.8,99.9,72.9,10,11.18,0.9650628819631999,0.7758988309299892,9.31078597115987,15.178026319195894
45,Miami FL,19.569925936450275,114.4,94.8,73.9,11,9.02,1.3187407420562844,0.6937077624839698,8.324493149807637,15.025289991375956
46,VCU,17.380036141235223,112.3,94.9,73.0,10,12.35,0.6287545176544029,0.8382811997660049,10.059374397192059,14.857573786518156
47,Northwestern,14.407294743374663,115.0,100.6,71.1,10,14.98,-0.07158815707816713,0.9100376081399738,10.920451297679685,14.70624622266688
48,Seton Hall,20.38484053464481,110.6,90.2,69.0,11,3.54,2.1056050668306012,0.46836081108313016,5.620329732997562,14.688590242058593
49,USC,16.349699599269982,117.4,101.0,74.1,10,13.07,0.40996244990874775,0.870799361192847,10.449592334314163,14.67379705651476
50,TCU,16.426864382242528,110.5,94.1,71.4,9,12.64,0.47335804778031587,0.8619962834343501,10.3439554012122,14.401882651882408
51,Saint Louis,20.150076573282234,116.4,96.3,75.0,10,3.61,2.0675095716602794,0.47975819763559713,5.7570983716271655,14.106905066649155
52,Mississippi,10.10014377398329,108.9,98.8,68.7,10,18.48,-1.0474820282520887,0.7582339701542937,9.098807641851526,14.092366812023492
53,Villanova,18.6212637876545,117.4,98.8,67.5,10,8.63,1.2489079734568123,0.7112187223130487,8.534624667756585,14.020594072851994
54,Oklahoma,17.84487140141512,118.2,100.4,69.8,10,9.66,1.02310892517689,0.7635549555508053,9.162659466609664,13.931260685750328
55,Colorado,18.41368173407733,121.2,102.8,72.4,10,8.66,1.2192102167596661,0.7184827029882376,8.62179243585885,13.897778139603393
56,Texas A&M,9.081705325296568,111.1,102.0,74.9,10,19.59,-1.313536834337929,0.6950330098297336,8.340396117956804,13.860410187915775
57,Boise St.,18.24820079534547,111.3,93.1,69.4,8,9.23,1.1272750994181835,0.7402502968216248,8.883003561859498,13.503268444114315
58,McNeese,19.32723876889156,113.0,93.7,70.8,9,4.66,1.8334048461114452,0.5498127565043622,6.597753078052347,13.123087488272203
59,San Diego St.,12.768167411853028,114.7,102.0,72.0,8,13.27,-0.06272907351837143,0.9109041654699696,10.930849985639634,13.057930245698362
60,Notre Dame,14.937985192963339,113.6,98.7,68.5,12,10.49,0.5559981491204173,0.8497705041957501,10.197246050349001,12.894614617258831
61,California,14.42617215068887,112.0,97.6,71.5,10,11.11,0.4145215188361089,0.8701825943955223,10.442191132746267,12.73221952096745
62,Oregon,6.272867919875139,110.2,104.0,70.6,10,23.55,-2.1596415100156077,0.4522534785306416,5.427041742367699,12.350748472290569
63,Colorado St.,15.683163734910039,121.9,106.2,64.6,10,8.7,0.872895466863755,0.7945422000132188,9.534506400158627,12.274783816832626
64,Providence,13.585333921617405,118.8,105.2,75.3,12,10.62,0.3706667402021757,0.8760125331913715,10.512150398296459,12.20065784164722
65,Arizona St.,15.076955725530027,113.9,98.8,72.0,11,8.59,0.8108694656912534,0.8064266822653156,9.677120187183787,12.040988935347915
66,Mississippi St.,6.090608039488089,108.1,102.0,71.8,10,21.54,-1.9311739950639888,0.5206360723982657,6.247632868779188,12.03129674132479
67,Oklahoma St.,12.808296397806899,112.8,100.0,77.3,10,11.31,0.1872870497258623,0.8980053385775063,10.776064062930075,12.031164698601527
68,UCF,14.838553423819974,117.5,102.6,72.6,9,9.45,0.6735691779774968,0.8308575339135365,9.970290406962437,12.006470131663377
69,Virginia Tech,15.286886942007015,113.8,98.5,72.9,11,7.57,0.9646108677508769,0.7759931322033184,9.311917586439822,11.74911090869858
70,West Virginia,10.530134214347129,106.9,96.4,66.9,12,12.84,-0.2887332232066089,0.8863028255407425,10.63563390648891,11.615453360734532
71,Dayton,11.70573270946106,110.0,98.3,71.8,11,9.46,0.2807165886826324,0.8872686336733432,10.647223604080118,10.601165271624744
72,Akron,14.536161210723037,121.6,107.0,75.0,10,5.84,1.0870201513403797,0.7494302297383086,8.993162756859704,10.418574575517852
73,Kansas St.,12.526332636768316,114.3,101.8,75.9,11,7.85,0.5845415795960396,0.8453452753456528,10.144143304147834,10.282808852291527
74,Yale,13.073631739285773,121.1,108.0,68.6,10,6.95,0.7654539674107216,0.8147922853610221,9.777507424332265,10.046260619653147
75,Syracuse,8.034447923289122,105.0,96.9,70.1,10,11.98,-0.49319400958885984,0.8591402164893809,10.30968259787257,10.037304904841706
76,George Mason,12.73461623331913,109.8,97.1,68.4,10,6.15,0.8230770291648912,0.804129652105714,9.649555825268568,9.501025484683765
77,South Carolina,9.963800179820453,109.4,99.4,68.6,10,8.76,0.15047502247755662,0.901980810350355,10.823769724204261,9.338089460152467
78,Tulsa,15.634413832951665,121.1,105.5,70.8,9,-5.3,2.6168017291189583,0.32296870345066675,3.875624441408001,9.333055301818172
79,Northern Iowa,12.005216094747368,102.4,90.4,65.6,9,6.09,0.739402011843421,0.8194636037592121,9.833563245110545,8.916705927065998
80,Xavier,8.059846572152352,109.4,101.3,72.6,11,9.69,-0.20376917848095588,0.8961794725067076,10.754153670080491,8.865712005244019
81,Belmont,14.089661870641805,113.9,99.8,72.9,10,0.91,1.6474577338302256,0.604213029267405,7.250556351208861,8.550137281553948
82,Murray St.,13.375626945920786,116.2,102.9,75.8,11,1.74,1.4544533682400982,0.6580589038530394,7.896706846236473,8.513238186240896
83,Stanford,9.17788292621043,112.7,103.5,72.9,10,7.76,0.17723536577630372,0.8991048284659878,10.789257941591854,8.442026713119834
84,Utah Valley,14.820598786970038,108.4,93.6,73.3,9,-1.3,2.015074848371255,0.49547766881249405,5.945732025749929,8.40747962246101
85,New Mexico,13.739922779166932,114.0,100.3,72.1,9,2.2,1.4424903473958666,0.661281800810884,7.935381609730607,8.3326817077938
86,Santa Clara,10.666707956362984,112.4,101.7,72.9,10,5.23,0.679588494545373,0.8298400093639008,9.95808011236681,7.954063600182759
87,Wyoming,14.148196392014881,113.3,99.1,72.3,9,-7.37,2.6897745490018603,0.3041253781031466,3.6495045372377595,7.9399883839737955
88,Nevada,9.450338377305684,111.2,101.7,69.6,11,6.05,0.4250422971632105,0.8687497432186495,10.424996918623794,7.79579825110029
89,Memphis,8.390919929318926,107.3,98.9,71.4,9,6.94,0.1813649911648657,0.8986543941007545,10.783852729209055,7.600047339747478
90,South Florida,13.210481827191728,111.4,98.2,76.7,10,-1.27,1.810060228398966,0.556736517098995,6.680838205187939,7.410907787168709
91,DePaul,4.506548030999696,104.2,99.7,70.4,11,10.65,-0.7679314961250381,0.8143432172202124,9.772118606642548,7.396698161188375
92,Penn St.,5.615347371107362,113.8,108.2,71.0,11,9.23,-0.45183157861157985,0.8650405598262403,10.380486717914884,7.370305249248474
93,Wichita St.,12.466625782271748,109.9,97.4,68.2,10,0.24,1.5283282227839685,0.6378411013138309,7.65409321576597,7.165660600541507
94,Georgetown,3.740347701876871,108.3,104.6,70.2,10,10.4,-0.8324565372653911,0.8023507966287012,9.628209559544414,7.007101489353721
95,George Washington,10.370510521565492,115.6,105.2,73.4,12,2.42,0.9938138151956866,0.7698427357391926,9.23811282887031,6.912212986508591
96,Illinois St.,11.64806995541906,111.7,100.0,69.7,10,0.98,1.3335087444273825,0.6899294527664952,8.279153433197942,6.816194763836326
97,UC San Diego,11.03338399279697,114.5,103.5,71.3,8,3.02,1.0016729990996214,0.768167450297421,9.218009403569052,6.743256878294378
98,San Francisco,8.424148633981204,108.6,100.2,68.9,10,5.08,0.4180185792476505,0.8697078036509561,10.436493643811474,6.716361252701425
99,Cincinnati,5.304031961607251,98.0,92.7,73.3,10,7.98,-0.3344960047990937,0.8806505124778289,10.567806149733947,6.678953102284385
100,Maryland,0.6814945037980351,106.8,106.1,71.5,11,19.67,-2.373563187025246,0.38977078235467166,4.67724938825606,6.346644908469066
101,UNC Wilmington,8.354240383056066,113.5,105.1,65.8,10,4.19,0.5205300478820082,0.8551234622083029,10.261481546499635,6.245249698053536
102,UAB,5.426231751638994,105.1,99.7,73.5,9,6.79,-0.17047103104512573,0.899838801323602,10.798065615883225,6.170044774404517
103,Liberty,3.6904064790320206,109.3,105.6,67.9,7,7.86,-0.5211991901209975,0.8550239559473523,10.260287471368226,6.168999505645998
104,Richmond,11.948869396421841,111.9,99.9,72.8,9,-1.36,1.66360867455273,0.5995689985115712,7.194827982138854,6.036177637694008
105,Sam Houston St.,13.44630925005157,113.6,100.2,74.5,7,-3.87,2.1645386562564464,0.450798144200383,5.409577730404596,5.8977912483174375
106,Utah,4.546811811490471,111.7,107.2,71.9,11,7.2,-0.3316485235636911,0.8810091876677381,10.572110252012857,5.847092485034857
107,Pittsburgh,1.158429640236804,107.5,106.3,66.7,11,11.88,-1.3401962949703996,0.6882100657434818,8.258520788921782,5.756099039484016
108,East Tennessee St.,11.294488527010614,110.9,99.6,71.2,9,-0.68,1.4968110658763267,0.6465313108882522,7.758375730659027,5.750837837460125
109,Marquette,0.192175058034465,103.8,103.6,73.2,11,20.99,-2.5997281177456917,0.3274648313689131,3.929577976426957,5.666320072620494
110,Minnesota,2.6696333997934403,105.2,102.5,66.5,10,8.08,-0.67629582502582,0.830397214377773,9.964766572533277,5.370042645602516
111,UC Irvine,6.499217416845056,98.6,92.1,71.7,9,4.39,0.26365217710563205,0.8893006488312539,10.671607785975047,5.354992641076317
112,Florida St.,2.6174932495579952,106.6,104.0,77.4,10,7.31,-0.5865633438052505,0.8450278271345606,10.140333925614726,4.980094861498787
113,Grand Canyon,5.7623804903572164,104.3,98.5,69.5,10,4.12,0.20529756129465204,0.8960087042389284,10.75210445086714,4.911428403921988
114,Seattle,10.707359997334976,107.2,96.5,71.2,8,-1.99,1.587169999666872,0.6213767657637362,7.456521189164835,4.581910893499603
115,St. Thomas,8.193225070257029,108.9,100.7,71.4,11,0.2,0.9991531337821286,0.7687055175143317,9.22446621017198,4.547480663227829
116,Florida Atlantic,8.93194361302892,114.8,105.9,70.8,9,0.06,1.108992951628615,0.744446357293287,8.933356287519445,4.512456709000391
117,Miami OH,9.331490455299786,114.8,105.5,72.7,8,-0.43,1.2201863069124732,0.7182457273597093,8.61894872831651,4.268968925112566
118,Boston College,0.7719871674622993,97.8,97.1,69.3,11,8.15,-0.9222516040672126,0.7847048994511222,9.416458793413467,4.1748668988523585
119,William & Mary,10.461158263858252,109.5,99.0,77.5,9,-6.93,2.1738947829822814,0.4480200494304955,5.376240593165946,3.9574377387040673
120,High Point,9.61419800136916,116.0,106.4,73.8,9,-2.81,1.5530247501711452,0.6309676537188027,7.571611844625632,3.9375501514710085
121,Bradley,3.0272822598360563,103.9,100.9,71.1,10,4.62,-0.19908971752049298,0.8967007741121518,10.760409289345821,3.852810048219366
122,Davidson,9.515555726687253,112.7,103.2,67.7,9,-3.52,1.6294444658359066,0.6093704343756956,7.312445212508347,3.6720549011391967
123,Lipscomb,8.556224616901702,107.8,99.2,72.9,9,-1.7,1.2820280771127126,0.7029877969518065,8.435853563421677,3.594035145245899
124,Rhode Island,7.890553175679088,106.6,98.7,69.7,11,-1.93,1.227569146959886,0.71644939805689,8.59739277668268,3.5822681962572736
125,Drake,2.2518142013378366,111.8,109.5,68.6,9,4.68,-0.3035232248327704,0.8845020581518639,10.614024697822366,3.56581397624192
126,Columbia,9.642738236849382,108.9,99.3,71.3,10,-8.19,2.2290922796061725,0.431701916120791,5.180422993449492,3.557194557453631
127,Rutgers,-1.6780687813518398,104.3,106.0,69.2,11,10.34,-1.50225859766898,0.645035983855258,7.7404318062630955,3.2857998640837556
128,Hofstra,8.876107531982683,110.9,102.0,69.4,10,-4.86,1.7170134414978353,0.5840894364924114,7.009073237908937,3.215753064175396
129,Pacific,9.353641314402424,106.6,97.3,68.2,9,-7.97,2.165455164300303,0.45052586899228936,5.4063104279074725,2.852533126010687
130,Bowling Green,9.828669339579008,108.0,98.2,71.2,8,-7.63,2.182333667447376,0.44551708438071413,5.34620501256857,2.835098849081124
131,Cal Baptist,6.761378247012502,107.9,101.2,70.9,11,-3.93,1.3364222808765627,0.6891810162918848,8.270172195502617,2.172963664465068
132,Hawaii,7.999365958780999,100.7,92.7,73.1,9,-4.99,1.6236707448476249,0.6110184177369481,7.332221012843377,2.167893193895519
133,North Texas,0.8550964526603764,101.0,100.1,67.1,9,3.14,-0.28561294341745297,0.8866795973086491,10.640155167703789,2.092954711891879
134,Georgia Tech,-2.8961139703242793,96.6,99.5,73.4,10,8.23,-1.390764246290535,0.6750428635116181,8.100514362139418,2.0831503869323127
135,Kent St.,2.109319861849343,112.5,110.4,76.8,8,1.65,0.05741498273116791,0.9114203468604963,10.937044162325956,1.8440407839416169
136,Furman,2.6244890637938028,108.0,105.4,70.0,8,1.2,0.17806113297422535,0.8990149012103297,10.788178814523956,1.8065469475700837
137,UNLV,-0.7728985720611661,103.5,104.2,76.8,10,4.21,-0.6228623215076458,0.8392374451268007,10.070849341521608,1.727345436023584
138,Northern Colorado,3.0757710602697586,108.3,105.2,70.4,7,0.58,0.3119713825337198,0.8834623563287589,10.601548275945106,1.5725489024033168
139,Southern Illinois,6.282843723249584,107.8,101.5,73.7,10,-4.15,1.304105465406198,0.6974266124492606,8.369119349391127,1.5295557396143746
140,Wright St.,7.383680718554345,107.5,100.2,68.7,9,-6.5,1.7354600898192931,0.5787021583236063,6.944425899883275,1.3367905656549137
141,Marshall,4.938013224730469,108.6,103.6,72.6,11,-3.15,1.0110016530913086,0.766167902941108,9.194014835293297,1.2556690161752564
142,St. Bonaventure,5.432552775566222,108.1,102.7,70.5,11,-4.13,1.1953190969457776,0.7242450281733609,8.690940338080331,1.2119531381040805
143,Winthrop,6.687636421013494,115.3,108.6,72.5,10,-6.91,1.6997045526266867,0.5891262547219164,7.069515056662997,1.056035576216166
144,UC Santa Barbara,-0.634108135859492,110.8,111.4,68.0,9,2.36,-0.3742635169824365,0.8755429770111816,10.506515724134179,0.978565529394076
145,South Dakota St.,2.8911915338752436,105.6,102.7,71.2,9,-0.81,0.46264894173440546,0.8635179133709512,10.362214960451414,0.9103984085971837
146,Troy,-1.1374636822862527,102.9,104.0,70.9,9,2.65,-0.4734329602857816,0.8619855892940644,10.343827071528773,0.8878268263808301
147,Idaho St.,7.013006706287172,108.8,101.7,65.9,9,-7.74,1.8441258382858965,0.5466263833468679,6.559516600162414,0.7934952086621117
148,Cornell,1.421213110292129,113.4,112.0,76.7,9,0.1,0.16515163878651612,0.9004126521254499,10.804951825505398,0.7004012580992844
149,Kennesaw St.,-2.0539350275913506,107.2,109.3,78.2,7,2.54,-0.5742418784489188,0.8469542452219158,10.163450942662989,0.6663939693383093
150,New Mexico St.,2.9320869980169135,106.0,103.1,69.2,7,-0.9,0.4790108747521142,0.8611873566908418,10.334248280290101,0.6474919103714064
151,Montana St.,2.9148609420954443,104.8,101.9,68.3,9,-1.97,0.6106076177619305,0.8412116164849972,10.094539397819966,0.3324251888410761
152,Middle Tennessee,4.195484183235223,108.6,104.4,68.7,7,-2.54,0.8419355229044029,0.8005407325161801,9.606488790194161,0.2991546147001798
153,Southern Mississippi,-0.40117885705338097,107.3,107.7,69.6,9,0.0,-0.05014735713167262,0.9121219124169105,10.945462949002927,-0.18102411173469016
154,Stephen F. Austin,6.330472510191413,108.1,101.8,71.3,8,-7.92,1.7813090637739266,0.5652333301225433,6.78279996147052,-0.20807936394542326
155,Washington St.,-0.7194939392588395,110.1,110.8,69.8,9,0.2,-0.11493674240735494,0.9056871004012076,10.86824520481449,-0.2165161728185357
156,Charleston,-1.7546486343118914,104.7,106.4,69.0,9,0.96,-0.3393310792889864,0.8800393346723356,10.560472016068028,-0.28904131601412253
157,Loyola Marymount,3.182797314668875,101.4,98.2,69.7,9,-3.8,0.8728496643336093,0.7945511723028917,9.5346140676347,-0.40930755813466635
158,Towson,0.6451030586593305,104.4,103.7,65.6,9,-1.66,0.28813788233241633,0.8863747967657758,10.636497561189309,-0.6035016370262787
159,Oakland,2.229777346039157,114.7,112.5,75.7,10,-3.94,0.7712221682548945,0.8137454625004209,9.76494555000505,-0.8184243141830561
160,North Dakota St.,2.8751061788664884,104.6,101.7,72.4,10,-4.85,0.965638272358311,0.7757787495148988,9.309344994178785,-0.8492914409083336
161,Colgate,3.7020491553417116,108.9,105.2,69.3,9,-5.91,1.201506144417714,0.72275979299044,8.67311751588528,-1.0150830550796557
162,Western Kentucky,4.299299843122611,105.5,101.2,75.2,8,-6.41,1.3386624803903264,0.6886048744085786,8.263258492902944,-1.142027484998287
163,Oregon St.,-1.6555918628238118,103.9,105.5,67.1,11,-1.0,-0.08194898285297647,0.9090145271355844,10.908174325627012,-1.329169851575733
164,Robert Morris,0.12997567485253114,104.0,103.9,68.3,10,-2.74,0.3587469593565664,0.8775577901742894,10.530693482091472,-1.342104854686981
165,Austin Peay,2.044826948263747,99.6,97.5,72.0,9,-4.59,0.8293533685329684,0.8029406672914433,9.63528800749732,-1.3856791163973474
166,Siena,1.8567539330830272,102.9,101.0,67.4,11,-5.19,0.8808442416353784,0.7929807085840582,9.5157685030087,-1.4117211969151633
167,Duquesne,-1.3831444980526157,106.4,107.7,74.9,10,-1.59,0.025856937743423042,0.9144304310500847,10.973165172601016,-1.491371347507616
168,Quinnipiac,0.14669172356531135,104.2,104.1,73.7,10,-3.2,0.41833646544566394,0.8696645715901913,10.435974859082295,-1.562352788823308
169,Florida Gulf Coast,-1.995273816908778,106.7,108.7,73.7,9,-1.37,-0.07815922711359724,0.9093899558854687,10.912679470625624,-1.6526070876338068
170,Idaho,3.5804252598786093,110.6,107.1,68.2,8,-6.63,1.276303157484826,0.7044202018884095,8.453042422660914,-1.665361850977444
171,Toledo,0.11946471423233618,110.7,110.6,72.1,9,-3.4,0.439933089279042,0.8666988012341874,10.400385614810249,-1.7672910911672706
172,Temple,-3.107581836975328,111.1,114.2,69.7,9,-0.64,-0.30844772962191597,0.8838969910312487,10.606763892374985,-1.7726824076978187
173,Arkansas St.,-2.202105798029166,105.8,108.0,75.8,10,-1.61,-0.07401322475364572,0.9097990777797057,10.917588933356468,-1.8930659881096321
174,South Alabama,-2.676101887805487,106.1,108.8,68.0,9,-1.34,-0.16701273597568586,0.9002122121157816,10.80254654538938,-1.947240940587469
175,Montana,-4.947605385598436,106.1,111.0,72.8,8,0.16,-0.6384506731998045,0.8366976237771392,10.04037148532567,-2.10496683386062
176,Iona,0.2343061994332345,105.4,105.2,75.0,12,-4.91,0.6430382749291543,0.8359440381038866,10.031328457246639,-2.1080048995686522
177,Louisiana Tech,-4.376658324609423,97.9,102.3,65.8,7,-0.68,-0.46208229057617783,0.8635980325843994,10.363176391012793,-2.1703153483863544
178,Mercer,4.7496544980360085,109.2,104.5,72.9,8,-13.05,2.224956812254501,0.4329198181130504,5.195037817356605,-2.2582737499258747
179,Saint Joseph's,-7.56126900670948,100.3,107.9,71.2,9,3.35,-1.363908625838685,0.6820718627178041,8.18486235261365,-2.364414177163883
180,Youngstown St.,0.04424295829154801,102.5,102.4,69.1,9,-4.84,0.6105303697864435,0.841223998137313,10.094687977647755,-2.5378840043848117
181,Queens,0.08228478692740282,113.5,113.5,70.7,9,-4.96,0.6302855983659253,0.8380319702615152,10.056383643138183,-2.578616211125281
182,Fordham,-0.20183814019954127,101.8,102.0,65.6,9,-4.79,0.5735202324750573,0.8470664615833569,10.164797539000283,-2.635348657914485
183,Milwaukee,-6.704315119748173,104.7,111.4,74.2,8,0.74,-0.9305393899685217,0.7830199451195651,9.39623934143478,-2.6834135199633065
184,Tulane,-6.460070673802676,107.3,113.7,68.8,9,0.84,-0.9125088342253345,0.786673493135845,9.44008191763014,-2.7229253903372963
185,Massachusetts,0.3979218260337518,103.0,102.6,75.6,11,-6.49,0.860990228254219,0.7968645515335963,9.562374618403155,-2.8052533940043918
186,UT Arlington,1.7245438640169652,99.1,97.3,68.2,8,-6.88,1.0755679830021205,0.752002022098354,9.024024265180248,-2.836517105480824
187,Marist,2.3687925850204437,97.8,95.5,70.8,8,-7.75,1.2648490731275555,0.7072739971621722,8.487287965946066,-2.840136058315732
188,Ohio,-1.405289645347267,108.2,109.6,71.7,10,-4.52,0.3893387943315916,0.8735582899306144,10.482699479167373,-2.9993457728456856
189,UT Rio Grande Valley,1.6087013290810432,101.9,100.3,70.8,8,-7.75,1.1698376661351304,0.7303097735632182,8.76371728275862,-3.2838300348424942
190,Portland St.,-2.48979038697658,99.5,102.0,72.1,6,-4.04,0.19377620162792752,0.897289901528789,10.767478818345467,-3.4852798909777705
191,Vermont,-2.311378717151399,111.5,113.8,68.2,9,-4.61,0.28732766035607515,0.88647268132428,10.63767217589136,-3.556535446750404
192,Harvard,-3.8703914756074056,104.6,108.4,67.2,10,-3.47,-0.050048934450925675,0.9121313789026075,10.94557654683129,-3.6611580111973465
193,Chattanooga,-8.660217253957896,106.2,114.8,66.3,8,0.92,-1.197527156744737,0.7237155368832572,8.684586442599086,-3.6735653422000016
194,Weber St.,1.5457618203765833,105.8,104.2,73.0,9,-9.77,1.4144702275470729,0.668771887487278,8.025262649847337,-3.7881917613880427
195,Northeastern,-2.820532601476998,98.3,101.1,72.7,9,-4.66,0.22993342481537526,0.893221680756867,10.718660169082405,-3.82042943867634
196,CSUN,-8.03377269958095,104.3,112.4,75.9,10,0.77,-1.1004715874476187,0.7463868761443129,8.956642513731754,-3.874162431824992
197,Brown,-4.211075670879339,96.7,100.9,69.5,11,-3.66,-0.06888445885991734,0.910302874414675,10.923634492976099,-3.936497602695156
198,Buffalo,1.7213531857849347,111.9,110.2,69.3,9,-11.66,1.6726691482231169,0.596955843712936,7.163470124555232,-4.209113665319542
199,Texas A&M Corpus Chris,-4.530267958483677,95.5,100.0,71.0,6,-4.33,-0.025033494810459578,0.9145077181336969,10.974092617604363,-4.400790691318359
200,Rice,-5.3861603892283085,100.6,106.0,68.4,10,-3.52,-0.23327004865353856,0.892839195624031,10.714070347488372,-4.420914382312399
201,North Alabama,-7.13517290161721,99.7,106.8,70.2,7,-2.66,-0.5593966127021512,0.849249141379569,10.190989696554828,-4.482245889519579
202,Fresno St.,0.2524834202588977,103.4,103.1,71.3,10,-10.2,1.3065604275323621,0.6968045877436037,8.361655052923243,-4.5074393946885385
203,Southeast Missouri,-3.932488739802153,104.1,108.0,73.9,8,-5.07,0.1421889075247309,0.9028564080527314,10.834276896632776,-4.586833583177823
204,Nebraska Omaha,-6.470063264432056,102.1,108.6,71.5,9,-3.21,-0.40750790805400705,0.8711303856424787,10.453564627709744,-4.718236148047421
205,James Madison,-5.740255539113264,106.9,112.6,68.9,10,-3.93,-0.22628194238915794,0.8936388809046959,10.72366657085635,-4.803520876686475
206,Old Dominion,-4.929760442065614,102.8,107.8,71.8,10,-4.74,-0.023720055258201755,0.9146308645821312,10.975570374985574,-4.8304673573462935
207,Lamar,-4.735242955627783,96.1,100.8,69.0,7,-4.9,0.020594630546527215,0.9149232540187183,10.97907904822462,-4.835853259918816
208,Elon,0.4069614964499806,114.0,113.6,71.6,9,-11.07,1.4346201870562476,0.6633939554036921,7.960727464844305,-4.979892504189353
209,Monmouth,-5.070677162435487,104.4,109.5,69.8,9,-4.99,-0.010084645304435869,0.9158998308638989,10.990797970366787,-5.026321434641865
210,Illinois Chicago,-5.829274105357541,104.3,110.2,69.5,9,-4.66,-0.14615926316969263,0.9024377330295346,10.829252796354414,-5.190704159974833
211,Cal Poly,-5.3201090971758305,101.8,107.1,78.7,9,-5.18,-0.017513637146978844,0.915210597492121,10.982527169905453,-5.2431042241985075
212,Northern Kentucky,-4.417344411272438,103.2,107.6,73.2,9,-5.98,0.19533194859094527,0.8971177193327198,10.765412631992637,-5.268459059246556
213,Purdue Fort Wayne,-7.502749643378806,104.4,111.9,72.6,9,-3.32,-0.5228437054223507,0.8547791635476736,10.257349962572082,-5.274824877959547
214,Nicholls,-6.841679151920388,100.3,107.2,72.4,8,-4.1,-0.3427098939900486,0.8796106324892043,10.555327589870451,-5.282055833244183
215,UNC Asheville,-6.5269247394323315,103.6,110.1,68.0,10,-4.18,-0.2933655924290415,0.8857414561818355,10.628897474182025,-5.317687916850433
216,Radford,-10.47709750010246,97.0,107.5,77.0,9,-0.1,-1.2971371875128075,0.6991882520016924,8.39025902402031,-5.470470754456375
217,UC Davis,-1.6053655237653572,104.1,105.7,71.4,8,-8.9,0.9118293095293304,0.7868103051687461,9.441723662024952,-5.5541680776117754
218,Charlotte,-2.1628423910846237,106.5,108.7,64.7,9,-8.91,0.843394701114422,0.8002609917675441,9.603131901210528,-5.645795950772839
219,San Jose St.,-4.526390391891638,105.4,109.9,67.2,10,-6.77,0.28045120101354515,0.8873004835916741,10.64760580310009,-5.683380258464881
220,Stony Brook,0.590946328924133,105.4,104.8,68.9,9,-15.1,1.9613682911155166,0.5115874375562337,6.1390492506748044,-5.771903194051466
221,San Diego,-8.425059063196016,101.8,110.3,72.5,9,-3.47,-0.619382382899502,0.8398000547433154,10.077600656919785,-5.807585966429618
222,Samford,-8.675656204983454,102.5,111.2,69.4,11,-2.81,-0.7332070256229317,0.8205607988510977,9.846729586213172,-5.905076279853952
223,Eastern Kentucky,-9.40710447512339,101.8,111.3,71.6,9,-2.65,-0.8446380593904237,0.8000223938774942,9.60026872652993,-5.919519444596539
224,Incarnate Word,-4.9108630194080405,109.4,114.3,66.9,7,-6.75,0.22989212257399494,0.8932264077910077,10.718716893492093,-6.023426008128602
225,Utah Tech,-4.9606727373859485,102.5,107.5,67.9,9,-7.08,0.26491590782675645,0.8891512711001148,10.669815253201378,-6.110293619030201
226,Tennessee Martin,-2.3916750562438125,100.7,103.1,68.3,8,-9.23,0.8547906179695235,0.7980661400417246,9.576793680500696,-6.1175666094471035
227,LIU,-3.121368108171893,103.6,106.7,73.2,10,-9.23,0.7635789864785134,0.8151315795396467,9.78157895447576,-6.141959401276218
228,Dartmouth,-6.970771584276008,101.7,108.7,73.3,8,-5.63,-0.16759644803450102,0.9001492725196032,10.801791270235238,-6.200486743525786
229,Indiana St.,-6.0467812684133975,97.7,103.8,73.7,8,-6.51,0.05790234144832529,0.9113731202066182,10.936477442479418,-6.3143062726978005
230,American,-6.790211457548281,101.1,107.9,72.6,9,-5.95,-0.10502643219353514,0.9066980335316206,10.880376402379447,-6.330370218595533
231,Delaware,-11.03101272514138,99.1,110.1,67.2,9,-1.62,-1.1763765906426724,0.7287615159884273,8.745138191861127,-6.393088471360566
232,Northern Arizona,-4.425882225143994,99.8,104.2,69.0,8,-8.0,0.4467647218570008,0.8657488242297752,10.388985890757302,-6.445105000965851
233,USC Upstate,-2.1071176585754614,101.9,104.0,71.0,10,-11.49,1.1728602926780674,0.7295947826383598,8.755137391660316,-6.487166831954672
234,Valparaiso,-3.30018131412335,98.3,101.6,69.6,9,-9.49,0.7737273357345813,0.8132894014977761,9.759472817973313,-6.520387329460769
235,Tarleton St.,-2.1420268511627967,107.6,109.7,72.7,7,-9.96,0.9772466436046505,0.7733463677577552,9.280156413093064,-6.598495930060719
236,Lindenwood,-1.131723839250384,100.9,102.0,76.5,8,-11.92,1.348534520093702,0.6860590034876991,8.232708041852389,-6.603190933793931
237,Abilene Christian,-7.433901765287075,99.4,106.9,67.3,7,-6.1,-0.16673772066088444,0.9002418538125329,10.802902245750394,-6.624482594361172
238,Bethune Cookman,-6.224698373951142,102.2,108.5,69.5,8,-6.98,0.09441270325610729,0.9077699305755605,10.893239166906726,-6.660181203709383
239,Hampton,-7.446946854533863,99.7,107.1,69.5,9,-6.04,-0.17586835681673285,0.8992535414831713,10.791042497798056,-6.67981074732236
240,Cal St. Fullerton,-1.8287316939508713,106.3,108.2,78.3,10,-13.07,1.4051585382561411,0.6712424290386015,8.054909148463219,-6.843843881675832
241,FIU,0.3163138381914905,104.7,104.4,75.2,6,-12.8,1.6395392297739364,0.6064831181172787,7.277797417407345,-6.872971551292452
242,Central Connecticut,-3.4456078894113062,104.4,107.8,69.2,8,-9.71,0.7830490138235868,0.8115848523529291,9.73901822823515,-6.88486411931516
243,UC Riverside,-7.667794337920668,104.9,112.6,69.9,10,-6.18,-0.18597429224008355,0.8981495334474557,10.77779440136947,-6.896050177983572
244,Navy,-6.137897951713768,98.6,104.7,70.1,10,-7.69,0.19401275603577905,0.8972637373447803,10.767164848137362,-6.942617264014523
245,Norfolk St.,-6.495293394993894,94.7,101.2,69.4,8,-7.43,0.11683832562576324,0.9054920046094544,10.865904055313454,-7.033641955449104
246,Southern,-10.510501996273462,100.4,110.9,77.0,7,-5.01,-0.6875627495341827,0.8284845303958155,9.941814364749785,-7.282691291791457
247,Appalachian St.,-9.158647036466562,98.8,108.0,65.2,9,-5.92,-0.4048308795583202,0.8714905909329111,10.457887091194934,-7.417995295768213
248,Presbyterian,-7.051501098315995,99.0,106.1,64.7,10,-7.81,0.09481236271050053,0.9077297695682205,10.892757234818646,-7.446956054598703
249,Wofford,-9.381522491481576,100.7,110.1,70.1,9,-5.91,-0.43394031143519696,0.8675274415483359,10.41032929858003,-7.519643089652261
250,Tennessee Tech,-2.879869101588696,103.1,106.0,74.2,8,-11.68,1.100016362301413,0.7464902676233135,8.957883211479762,-7.528476704944405
251,UTEP,-9.494619187963053,97.1,106.6,66.6,5,-6.61,-0.3605773984953816,0.8773215772988432,10.527858927586118,-7.538852844882035
252,Texas St.,-9.805726138182777,96.9,106.7,69.5,10,-5.46,-0.5432157672728471,0.8517181843056807,10.220618211668167,-7.609155922282884
253,Jacksonville St.,-15.019047403903073,95.2,110.2,66.2,6,-1.39,-1.703630925487884,0.5879852927693303,7.055823513231964,-7.653433657826403
254,Penn,-5.944668047336776,103.8,109.7,72.5,9,-9.16,0.401916494082903,0.8718817573460234,10.46258108815228,-7.673147488357296
255,Coastal Carolina,-3.329162394524758,99.2,102.6,72.7,10,-12.62,1.1613547006844052,0.732310006308208,8.787720075698495,-7.674834983680251
256,Eastern Washington,-4.876812486938789,108.5,113.4,72.0,9,-10.32,0.6803984391326514,0.8297027229402648,9.956432675283178,-7.7357222270292425
257,SIUE,-8.998098412667517,96.8,105.8,69.3,8,-7.04,-0.2447623015834396,0.8915125714313151,10.698150857175781,-7.877772003284937
258,Georgia Southern,-5.444767583787382,105.0,110.5,75.2,11,-10.71,0.6581540520265774,0.8334412533038082,10.001295039645699,-7.952191185400542
259,Boston University,-10.895105468434664,107.4,118.3,65.1,11,-4.72,-0.7718881835543331,0.8136242995657377,9.763491594788853,-7.991422816470289
260,Texas Southern,-13.39062480955414,97.7,111.1,74.4,6,-4.58,-1.1013281011942675,0.7461922678894067,8.95430721467288,-8.11501824581054
261,Eastern Michigan,-3.901996766266606,100.6,104.5,68.0,10,-12.88,1.1222504042166743,0.7414079930857438,8.896895917028925,-8.128953440208731
262,Tennessee St.,-5.973322224992728,95.0,101.0,74.7,7,-9.61,0.4545847218759089,0.8646543943178399,10.375852731814078,-8.144935532778703
263,Missouri St.,-11.20890638638518,99.4,110.6,68.7,6,-6.59,-0.5773632982981476,0.846468085546961,10.157617026563532,-8.30519341452081
264,Alabama St.,-6.569063752232722,105.4,112.0,70.8,9,-10.45,0.48511703097090964,0.8603090932838301,10.323709119405962,-8.642457461759843
265,Green Bay,-4.950129284638635,105.3,110.2,67.5,10,-12.73,0.9724838394201707,0.7743466016537954,9.292159219845544,-8.697340603659162
266,Jacksonville,-13.626398103082067,98.5,112.1,67.2,8,-4.26,-1.1707997628852584,0.7300823226112937,8.760987871335525,-8.730570911443897
267,Holy Cross,-7.570461222898047,102.9,110.5,68.0,9,-9.83,0.2824423471377442,0.8870613288325782,10.644735945990938,-8.79481942797161
268,New Orleans,-6.6792546869348115,103.7,110.4,73.6,11,-11.17,0.5613431641331486,0.8489498485699235,10.187398182839082,-8.83851040333364
269,Sacramento St.,-6.425543880479893,98.6,105.0,75.3,7,-10.59,0.5205570149400134,0.8551194531101642,10.26143343732197,-8.901195130897344
270,Pepperdine,-9.96825125795678,95.2,105.1,68.6,9,-8.21,-0.21978140724459738,0.8943780462515634,10.732536555018761,-9.01193751459623
271,UNC Greensboro,-12.858784219261963,101.1,114.0,70.8,10,-5.04,-0.9773480274077454,0.7733250421704653,9.279900506045584,-9.09540693366661
272,Sacred Heart,-9.501149461429634,102.2,111.7,70.9,9,-8.83,-0.08389368267870423,0.9088213342037731,10.905856010445277,-9.133445636786337
273,Portland,-4.2740654147420685,102.3,106.6,72.2,8,-13.6,1.1657418231572414,0.7312767249923873,8.775320699908647,-9.152545431666786
274,Princeton,-13.3305420147355,94.9,108.2,68.9,12,-3.55,-1.2225677518419373,0.7176670506494005,8.612004607792805,-9.244084899071538
275,Campbell,-10.355577391293764,101.1,111.5,73.9,7,-8.73,-0.20319717391172043,0.8962433195608714,10.754919834730458,-9.370895134699385
276,Drexel,-13.157711957166484,99.5,112.7,68.1,9,-5.87,-0.9109639946458105,0.7869844306408149,9.443813167689779,-9.426173933132175
277,Central Arkansas,-4.054674888301449,97.4,101.5,72.6,10,-16.79,1.5919156389623188,0.6200360480055401,7.440432576066481,-9.487815804651973
278,Southeastern Louisiana,-12.522546768700096,93.9,106.4,69.3,9,-6.82,-0.7128183460875119,0.8241350418152291,9.88962050178275,-9.536990577627387
279,Evansville,-11.595537388132712,97.4,109.0,71.0,9,-7.76,-0.479442173516589,0.861125474267496,10.333505691209952,-9.545492866350099
280,South Dakota,-10.917266119011373,102.9,113.8,74.9,11,-8.52,-0.29965826487642166,0.884975018543701,10.619700222524411,-9.739717527889294
281,Charleston Southern,-5.246131592152622,100.0,105.3,73.4,9,-14.53,1.1604835509809222,0.7325148844605935,8.790178613527122,-9.833317775174342
282,East Texas A&M,-6.778969175046328,100.4,107.2,73.6,8,-12.36,0.697628853119209,0.826761266884337,9.921135202612044,-9.868626206161215
283,Northwestern St.,-11.922844893974798,104.9,116.8,68.2,9,-8.37,-0.4441056117468498,0.8661192665936328,10.393431199123594,-10.018785288042178
284,Houston Christian,-10.594972183751622,102.3,112.9,65.9,8,-9.78,-0.10187152296895285,0.9070178147050614,10.884213776460737,-10.125250141053787
285,Western Michigan,-8.953271111437843,102.3,111.3,71.8,9,-11.12,0.27084111107026954,0.8884485348197804,10.661382417837364,-10.1281796090102
286,UMBC,-11.374958729205119,98.7,110.1,68.9,9,-9.16,-0.27686984115063984,0.8877295248327018,10.652754297992422,-10.174342735912717
287,Oral Roberts,-9.334718601622598,102.3,111.6,72.6,9,-10.99,0.20691017479717533,0.895828255620472,10.749939067445663,-10.235692225453363
288,Morehead St.,-10.476670398721268,98.1,108.6,71.6,8,-10.06,-0.05208379984015843,0.9119354740478065,10.943225688573678,-10.235965975624774
289,Long Beach St.,-9.737515138358532,102.1,111.8,70.3,10,-10.79,0.1315606077051834,0.903969282909715,10.84763139491658,-10.285153745907987
290,East Carolina,-16.2343545518425,94.4,110.7,72.5,9,-3.04,-1.6492943189803126,0.6036858680209215,7.2442304162510585,-10.35023803059229
291,Bryant,-12.604318128385472,96.3,108.9,68.7,11,-8.34,-0.533039766048184,0.8532537753833812,10.239045304600575,-10.548550278014595
292,La Salle,-12.474800161724431,93.7,106.1,68.2,10,-8.82,-0.4568500202155539,0.8643359571074556,10.372031485289467,-10.614028329655557
293,Western Carolina,-11.430254940806464,99.3,110.7,73.5,8,-10.02,-0.176281867600808,0.8992085773659471,10.790502928391366,-10.62041179150161
294,UTSA,-17.67964671710095,88.2,105.9,72.5,8,0.54,-2.2774558396376188,0.41752374406860515,5.010284928823262,-10.663226872756189
295,Saint Peter's,-13.311628542830803,97.8,111.1,67.5,9,-8.37,-0.6177035678538505,0.8400709023596106,10.080850828315327,-10.700852920849753
296,Detroit Mercy,-12.957305528220118,99.2,112.1,72.3,9,-8.93,-0.5034131910275148,0.8576496207544418,10.291795449053302,-10.808816818771511
297,Merrimack,-13.519045990594165,97.1,110.7,67.7,12,-7.77,-0.7186307488242707,0.8231218402782394,9.877462083338873,-10.923407448465849
298,West Georgia,-9.32774634789051,101.1,110.4,70.8,9,-12.55,0.4027817065136863,0.8717657353752177,10.461188824502614,-11.059840116628816
299,Bellarmine,-8.424160012741382,107.7,116.1,67.3,8,-13.19,0.5957299984073272,0.8435818418777866,10.12298210253344,-11.086222614889678
300,Air Force,-9.645855026824634,97.8,107.4,67.1,11,-12.68,0.3792681216469207,0.8748870928002935,10.498645113603523,-11.127548925592048
301,Denver,-7.871225089421628,114.1,121.9,70.5,9,-14.15,0.7848468638222965,0.8112547289459117,9.73505674735094,-11.133784198935215
302,Lehigh,-15.271731858122124,97.3,112.6,69.8,10,-6.75,-1.0652164822652654,0.7543113669361288,9.051736403233544,-11.222942349063668
303,Bucknell,-14.817225282155732,96.0,110.8,69.2,12,-6.87,-0.9934031602694665,0.7699300383498308,9.239160460197969,-11.360135265213769
304,Howard,-10.996214834646764,95.4,106.4,71.2,9,-11.72,0.09047314566915454,0.9081649694436881,10.897979633324256,-11.392626738582564
305,Grambling St.,-7.888920469814025,97.0,104.9,70.0,8,-14.47,0.822634941273247,0.8042131959707058,9.65055835164847,-11.487168794744065
306,UMass Lowell,-12.387134393267814,98.6,111.0,73.3,9,-10.82,-0.19589179915847676,0.8970556954068482,10.764668344882178,-11.533607195086704
307,Kansas City,-16.355900776740896,91.3,107.7,72.8,9,-6.55,-1.2257375970926119,0.7168956800446986,8.602748160536382,-11.563598228288171
308,Manhattan,-17.04029373782862,101.1,118.1,71.9,10,-4.59,-1.5562867172285775,0.6300557384393559,7.560668861272271,-11.67987444395475
309,Albany,-15.35316762593834,98.9,114.3,73.2,9,-8.52,-0.8541459532422926,0.7981907816474938,9.578289379769926,-11.830235263124457
310,Mount St. Mary's,-16.21689755358598,96.6,112.9,70.9,11,-6.42,-1.2246121941982475,0.7171696888223301,8.606036265867962,-11.916566038544708
311,New Hampshire,-13.631810358360099,92.8,106.5,70.2,8,-11.24,-0.2989762947950123,0.8850582970495376,10.620699564594451,-12.26759205155016
312,Cleveland St.,-16.55745677563192,100.3,116.8,72.5,9,-8.3,-1.0321820969539899,0.7615836469904089,9.139003763884908,-12.397088900144231
313,Le Moyne,-10.454057288524922,107.2,117.6,70.6,9,-14.29,0.47949283893438466,0.8611182033128549,10.33341843975426,-12.504310391571158
314,Fairfield,-12.770081215294312,98.5,111.3,71.3,10,-12.4,-0.046260151911788894,0.9124950915299266,10.949941098359119,-12.576650241428744
315,Alabama A&M,-8.923362044026362,98.8,107.7,67.8,7,-15.51,0.8233297444967047,0.8040818829394141,9.648982595272969,-12.74067368063042
316,Wagner,-9.706464654667514,101.9,111.6,72.3,7,-14.86,0.6441919181665607,0.8357540948172112,10.029049137806535,-12.741575939713677
317,North Carolina A&T,-10.162544392786202,99.4,109.6,73.7,8,-15.17,0.6259319509017247,0.8387398461422287,10.064878153706745,-12.952456957812888
318,Mercyhurst,-14.773188454196486,94.5,109.3,66.0,9,-11.5,-0.40914855677456075,0.8709092046285029,10.450910455542035,-13.014515022579566
319,Georgia St.,-17.536615554898063,91.0,108.6,72.9,10,-8.25,-1.1608269443622579,0.7324341366329717,8.789209639595661,-13.192525914090503
320,Cal St. Bakersfield,-15.948738338267788,95.5,111.4,73.7,11,-10.21,-0.7173422922834733,0.8233468350122474,9.880162020146969,-13.23325823238518
321,Maine,-16.109867865742487,88.9,105.0,67.8,13,-9.44,-0.8337334832178109,0.8021076802099337,9.625292162519205,-13.272360777125886
322,Longwood,-19.554227694285515,97.7,117.2,72.7,10,-1.23,-2.2905284617856894,0.41371367428286726,4.964564091394407,-13.475079497386183
323,Army,-15.527182277455964,96.8,112.3,69.4,10,-12.39,-0.3921477846819954,0.873185503123757,10.478226037485083,-13.921959981159208
324,VMI,-19.481455107185965,96.1,115.6,69.9,9,-8.53,-1.3689318883982458,0.6807632780910489,8.169159337092587,-14.270705996695835
325,Lafayette,-19.85493789452758,95.1,114.9,70.4,10,-7.1,-1.5943672368159476,0.6193427133747909,7.43211256049749,-14.416920338979024
326,New Haven,-13.203314046631263,95.1,108.3,66.0,8,-15.56,0.2945857441710922,0.8855931920747605,10.627118304897126,-14.547847324618472
327,Loyola Chicago,-20.069048246547396,98.6,118.7,68.8,10,3.19,-2.9073810308184247,0.2518335291941178,3.022002350329413,-14.671345452728339
328,Florida A&M,-19.91720067876051,91.3,111.2,73.3,5,-11.87,-1.0059000848450637,0.7672628789071412,9.207154546885693,-14.702094439531702
329,North Dakota,-18.51854022180636,90.8,109.3,72.6,11,-10.52,-0.9998175277257952,0.7685637341724244,9.222764810069092,-14.870737560675282
330,Eastern Illinois,-17.967544328753092,95.6,113.5,68.4,8,-12.39,-0.6971930410941365,0.8268361581822629,9.922033898187154,-14.879692569688654
331,North Florida,-17.06622695807826,100.0,117.1,73.6,8,-13.29,-0.4720283697597827,0.8621859859285422,10.346231831142507,-14.936649619533602
332,Stonehill,-17.663383684621962,91.7,109.4,69.7,9,-12.54,-0.6404229605777454,0.8363739865319696,10.036487838383636,-14.962214305131658
333,Central Michigan,-19.67876248525927,98.8,118.5,68.1,9,-10.28,-1.1748453106574088,0.7291245856399436,8.749495027679323,-15.045705291075713
334,Maryland Eastern Shore,-16.703804401053674,93.1,109.8,65.0,12,-13.38,-0.4154755501317091,0.8700532131790442,10.44063855814853,-15.15738493088295
335,Alcorn St.,-17.091573542694064,97.6,114.7,74.1,10,-14.57,-0.315196692836758,0.883063284085355,10.596759409024259,-15.794257414780144
336,Ball St.,-20.883266314048655,90.3,111.2,67.9,9,-10.32,-1.3204082892560818,0.6932824186365594,8.319389023638713,-15.80918883320194
337,IU Indy,-17.084839736636383,100.9,118.0,81.0,11,-14.57,-0.3143549670795478,0.8831675462030751,10.598010554436902,-15.85082339034311
338,Prairie View A&M,-14.853971853934354,97.2,112.0,75.9,7,-16.56,0.2132535182582056,0.895115759360663,10.741389112327957,-15.886873620388535
339,Loyola MD,-21.908047168921655,96.8,118.7,72.1,10,-7.13,-1.847255896115207,0.545695369811016,6.548344437732192,-16.060226962901467
340,Southern Indiana,-17.032025576187323,90.7,107.7,75.4,8,-15.48,-0.19400319702341529,0.8972647947371435,10.767177536845722,-16.14159147187273
341,Louisiana,-21.8530603103014,89.4,111.2,66.2,11,-6.16,-1.9616325387876752,0.5115082055403569,6.1380984664842835,-16.232509721595008
342,Southern Utah,-18.423213162804046,97.7,116.2,74.1,9,-14.55,-0.4841516453505057,0.8604482561721877,10.325379074066252,-16.353789634947727
343,Arkansas Pine Bluff,-14.258751153220572,98.2,112.5,76.9,11,-18.84,0.5726561058474284,0.8472007450511375,10.16640894061365,-16.459164523563594
344,Stetson,-20.354596577390964,94.8,115.2,69.1,10,-13.23,-0.8905745721738705,0.791057326444685,9.49268791733622,-16.88500982091575
345,Little Rock,-23.372295934859764,95.7,119.1,67.1,9,-6.49,-2.1102869918574703,0.46696211002904886,5.603545320348586,-16.894368259947377
346,Northern Illinois,-20.574963249339675,97.8,118.4,70.6,9,-14.61,-0.7456204061674594,0.8183570093895045,9.820284112674054,-17.462489841420858
347,North Carolina Central,-21.387520965481926,92.2,113.6,69.9,9,-13.94,-0.9309401206852408,0.7829382331609367,9.395258797931241,-17.583748067131044
348,NJIT,-21.06350663942466,90.0,111.1,71.5,12,-13.11,-0.9941883299280825,0.7697630960568849,9.237157152682618,-17.604108085508983
349,Jackson St.,-23.941565888771123,88.7,112.6,71.9,10,-5.87,-2.2589457360963903,0.42293537232924516,5.075224467950942,-17.857593237626563
350,Louisiana Monroe,-21.321378395480366,97.9,119.2,72.4,9,-15.56,-0.7201722994350457,0.8228523538398395,9.874228246078074,-18.307259643323313
351,Rider,-24.899995404088358,86.0,110.9,68.9,8,-10.9,-1.7499994255110447,0.5744426853379705,6.893312224055646,-18.420151430909023
352,Fairleigh Dickinson,-23.09246554145942,95.1,118.2,71.1,8,-14.31,-1.0978081926824272,0.7469913955920151,8.963896747104181,-18.451720819166685
353,Chicago St.,-22.32003411452041,94.8,117.1,72.6,9,-15.22,-0.8875042643150513,0.7916656467490489,9.499987760988587,-18.674072935411985
354,The Citadel,-23.712868153204937,97.3,121.0,68.1,8,-14.38,-1.166608519150617,0.7310722974034697,8.772867568841637,-18.831412074840333
355,Western Illinois,-24.971609305252798,93.3,118.2,66.5,8,-15.07,-1.2377011631565997,0.7139729325418562,8.567675190502275,-19.851170172109157
356,Canisius,-19.452877795652682,92.7,112.1,66.4,10,-20.64,0.14839027554341477,0.9022017665784755,10.826421198941706,-20.069992223336172
357,Delaware St.,-25.162820183134386,87.9,113.0,69.3,9,-14.94,-1.2778525228917983,0.7040329383416738,8.448395260100085,-20.212999624131722
358,Niagara,-24.393485537628194,91.1,115.5,67.5,10,-15.58,-1.1016856922035243,0.7461109905822803,8.953331886987364,-20.2300982466725
359,Gardner Webb,-26.497932008265337,93.0,119.5,74.9,10,-13.0,-1.6872415010331672,0.5927414837835936,7.112897805403123,-20.887578224188065
360,Saint Francis,-27.41837592026546,89.0,116.4,73.7,8,-14.09,-1.6660469900331827,0.5988663077581998,7.186395693098397,-21.111218827491854
361,Binghamton,-28.059689102477037,91.6,119.7,69.0,9,-11.52,-2.0674611378096297,0.47977270399405947,5.757272447928713,-21.60704030148786
362,South Carolina St.,-27.87520418813635,88.7,116.6,73.7,11,-7.91,-2.495650523517044,0.35553870956170835,4.2664645147405,-22.295599616561447
363,Morgan St.,-29.13353305298726,93.8,122.9,71.9,9,-14.85,-1.7854416316234076,0.5640142707158474,6.7681712485901695,-23.002612972692006
364,Mississippi Valley St.,-31.440785990234588,88.6,120.1,72.4,9,-23.82,-0.9525982487793234,0.7784889119982403,9.341866943978884,-27.55937255796234
365,Coppin St.,-33.58553368134676,88.0,121.6,72.2,12,-13.31,-2.5344417101683447,0.3449459411924882,4.139351294309859,-28.38535214639897
